Pays;Région;Ville;CP;Adresse;Adresse
France;Ile-de-France;PARIS;75010;13 RUE FENELON;13 RUE FENELON 75010 PARIS Ile-de-France France
France;Hauts-de-France;ARRAS;62000;PLACE DE VACQUERIE;PLACE DE VACQUERIE 62000 ARRAS Hauts-de-France France
France;Occitanie;NIMES;30000;GALERIE LA COUPOLE DES HALLES;GALERIE LA COUPOLE DES HALLES 30000 NIMES Occitanie France
France;Hauts-de-France;BELLOY;60490;FORET DE BELLOY;FORET DE BELLOY 60490 BELLOY Hauts-de-France France
France;;ST LOUIS;57620;GPT PRIVE DE GESTION FORESTIER;GPT PRIVE DE GESTION FORESTIER 57620 ST LOUIS  France
France;Occitanie;NIMES;30000;5 RUE GENERAL PERRIER - GALERIE JUVENEL;5 RUE GENERAL PERRIER - GALERIE JUVENEL 30000 NIMES Occitanie France
France;Ile-de-France;MEDAN;30881;LES JUSTICES A 1995;LES JUSTICES A 1995 30881 MEDAN Ile-de-France France
France;Ile-de-France;MEDAN;30881;LES JUSTICES A236/A241;LES JUSTICES A236/A241 30881 MEDAN Ile-de-France France
France;;;;;    France
France;Ile-de-France;SAINT OUEN;93400;4/8 QUAI DE SEINE;4/8 QUAI DE SEINE 93400 SAINT OUEN Ile-de-France France
France;Ile-de-France;VERNOUILLET;78540;; 78540 VERNOUILLET Ile-de-France France
France;Ile-de-France;TRIEL SUR SEINE;78510;TERRES BS 44 L'ILE LONGUE;TERRES BS 44 L'ILE LONGUE 78510 TRIEL SUR SEINE Ile-de-France France
France;Ile-de-France;PARIS;75007;2 RUE VILLERSEXEL;2 RUE VILLERSEXEL 75007 PARIS Ile-de-France France
France;Ile-de-France;PARIS;75008;26/28 RUE DE LA PEPINIERE;26/28 RUE DE LA PEPINIERE 75008 PARIS Ile-de-France France
France;Ile-de-France;BOIS COLOMBES;92770;80 AVENUE DE L'EUROPE;80 AVENUE DE L'EUROPE 92770 BOIS COLOMBES Ile-de-France France
France;Ile-de-France;LEVALLOIS;92300;106 RUE DANTON;106 RUE DANTON 92300 LEVALLOIS Ile-de-France France
France;Ile-de-France;COURBEVOIE;92400;AVENUE DES COROLLES;AVENUE DES COROLLES 92400 COURBEVOIE Ile-de-France France
France;Ile-de-France;PARIS;75009;48-50 Rue de la Victoire;48-50 Rue de la Victoire 75009 PARIS Ile-de-France France
France;Ile-de-France;PARIS;75017;3 RUE LEON JOST/98-100 RUE DE COURCELLES;3 RUE LEON JOST/98-100 RUE DE COURCELLES 75017 PARIS Ile-de-France France
France;Ile-de-France;PARIS;75012;25/27 AV. A.  NETTER - 5/7 RUE MOUSSET- ROBERT;25/27 AV. A.  NETTER - 5/7 RUE MOUSSET- ROBERT 75012 PARIS Ile-de-France France
France;Ile-de-France;PARIS;75001;PLACE VENDÔME;PLACE VENDÔME 75001 PARIS Ile-de-France France
France;Ile-de-France;PARIS;75001;PLACE VENDÔME 1 PK;PLACE VENDÔME 1 PK 75001 PARIS Ile-de-France France
France;Ile-de-France;PARIS;75009;24 BD. POISSONNIERE;24 BD. POISSONNIERE 75009 PARIS Ile-de-France France
France;Ile-de-France;PARIS;75009;3 RUE SCRIBE;3 RUE SCRIBE 75009 PARIS Ile-de-France France
France;Ile-de-France;PARIS;75008;21 RUE DE L'ARCADE;21 RUE DE L'ARCADE 75008 PARIS Ile-de-France France
France;Ile-de-France;PARIS;75009;8 RUE HALEVY;8 RUE HALEVY 75009 PARIS Ile-de-France France
France;Ile-de-France;PARIS;75015;24/26 RUE LABROUSTE;24/26 RUE LABROUSTE 75015 PARIS Ile-de-France France
France;Ile-de-France;PARIS;75008;47 RUE DES MATHURINS;47 RUE DES MATHURINS 75008 PARIS Ile-de-France France
France;Ile-de-France;PARIS;75008;34 AV. DE MESSINE;34 AV. DE MESSINE 75008 PARIS Ile-de-France France
France;Ile-de-France;PARIS;75017;11 RUE DE PHALSBOURG;11 RUE DE PHALSBOURG 75017 PARIS Ile-de-France France
France;Ile-de-France;PARIS;75006;69 RUE DE RENNES;69 RUE DE RENNES 75006 PARIS Ile-de-France France
France;Ile-de-France;NEUILLY;92200;71 AV. DU ROULE;71 AV. DU ROULE 92200 NEUILLY Ile-de-France France
France;Ile-de-France;NEUILLY;92200;28 BD VICTOR HUGO;28 BD VICTOR HUGO 92200 NEUILLY Ile-de-France France
France;Ile-de-France;PARIS;75013;1-11 RUE BRILLAT SAVARIN;1-11 RUE BRILLAT SAVARIN 75013 PARIS Ile-de-France France
France;Ile-de-France;SAINT DENIS;93200;2-4 MAIL DE LA PETITE Espagne;2-4 MAIL DE LA PETITE Espagne 93200 SAINT DENIS Ile-de-France France
France;Ile-de-France;PARIS;75016;53 RUE DE L'ASSOMPTION;53 RUE DE L'ASSOMPTION 75016 PARIS Ile-de-France France
France;Ile-de-France;PARIS;75003;103 BD BEAUMARCHAIS;103 BD BEAUMARCHAIS 75003 PARIS Ile-de-France France
France;Ile-de-France;PARIS;75002;32 RUE ETIENNE MARCEL;32 RUE ETIENNE MARCEL 75002 PARIS Ile-de-France France
France;Ile-de-France;PARIS;75008;45 RUE DE LISBONNE;45 RUE DE LISBONNE 75008 PARIS Ile-de-France France
France;Ile-de-France;PARIS;75016;16 RUE MOLITOR;16 RUE MOLITOR 75016 PARIS Ile-de-France France
France;Ile-de-France;PARIS;75003;6 RUE SAINT CLAUDE;6 RUE SAINT CLAUDE 75003 PARIS Ile-de-France France
France;Ile-de-France;PARIS;75003;148/150 RUE DU TEMPLE;148/150 RUE DU TEMPLE 75003 PARIS Ile-de-France France
France;Auvergne-Rhône-Alpes;SAINT QUENTIN FALLAVIER;38000;ZAC DE CHESNES NORD ET DE CHESNE OUEST;ZAC DE CHESNES NORD ET DE CHESNE OUEST 38000 SAINT QUENTIN FALLAVIER Auvergne-Rhône-Alpes France
France;Hauts-de-France;NANTEUIL LE HAUDOUIN;60440;; 60440 NANTEUIL LE HAUDOUIN Hauts-de-France France
France;Midi Pyrénées;SAINT JORY;31790;ZONE LOGISTIQUE TOULOUSE EURONORD;ZONE LOGISTIQUE TOULOUSE EURONORD 31790 SAINT JORY Midi Pyrénées France
France;Grand-Est;BUCHERES;10800; ZONE DU PARC LOGISTIQUE DE L'AUBE; ZONE DU PARC LOGISTIQUE DE L'AUBE 10800 BUCHERES Grand-Est France
France;Ile-de-France;BOIS COLOMBES;92770;80 AVENUE DE L'EUROPE;80 AVENUE DE L'EUROPE 92770 BOIS COLOMBES Ile-de-France France
France;Ile-de-France;PARIS;75013;1-11 RUE BRILLAT SAVARIN;1-11 RUE BRILLAT SAVARIN 75013 PARIS Ile-de-France France
France;Ile-de-France;SAINT DENIS;93200;2-4 MAIL DE LA PETITE Espagne;2-4 MAIL DE LA PETITE Espagne 93200 SAINT DENIS Ile-de-France France
France;Ile-de-France;PARIS;75009;36, RUE DE CHATEAUDUN;36, RUE DE CHATEAUDUN 75009 PARIS Ile-de-France France
France;Ile-de-France;PARIS;75010;13/15 RUE FENELON/8 RUE DE ROCROY;13/15 RUE FENELON/8 RUE DE ROCROY 75010 PARIS Ile-de-France France
France;Hauts-de-France;LILLE;59000;2/10 RUE NATIONALE;2/10 RUE NATIONALE 59000 LILLE Hauts-de-France France
France;Ile-de-France;NEUILLY;92200;3 bis BD. DE LA SAUSSAYE;3 bis BD. DE LA SAUSSAYE 92200 NEUILLY Ile-de-France France
France;Ile-de-France;PARIS;75009;69 RUE DE LA VICTOIRE;69 RUE DE LA VICTOIRE 75009 PARIS Ile-de-France France
Allemagne;Hambourg;HAMBOURG;20095;1/2 DORNBUSH;1/2 DORNBUSH 20095 HAMBOURG Hambourg Allemagne
France;Ile-de-France;PARIS;75013;AVENUE PIERRE MENDES France;AVENUE PIERRE MENDES France 75013 PARIS Ile-de-France France
France;Ile-de-France;PARIS;75009;38 BD DES ITALIENS - ROSSINI;38 BD DES ITALIENS - ROSSINI 75009 PARIS Ile-de-France France
France;Ile-de-France;PARIS;75008;25-27 RUE D'ASTORG et 14 RUE ROQUEPINE;25-27 RUE D'ASTORG et 14 RUE ROQUEPINE 75008 PARIS Ile-de-France France
France;Ile-de-France;PARIS;75013;1-11 RUE BRILLAT SAVARIN;1-11 RUE BRILLAT SAVARIN 75013 PARIS Ile-de-France France
France;Ile-de-France;SAINT DENIS;93200;2-4 MAIL DE LA PETITE Espagne;2-4 MAIL DE LA PETITE Espagne 93200 SAINT DENIS Ile-de-France France
France;Auvergne-Rhône-Alpes;SAINT QUENTIN FALLAVIER;38000;ZAC DE CHESNES NORD ET DE CHESNE OUEST;ZAC DE CHESNES NORD ET DE CHESNE OUEST 38000 SAINT QUENTIN FALLAVIER Auvergne-Rhône-Alpes France
France;Hauts-de-France;NANTEUIL LE HAUDOUIN;60440;; 60440 NANTEUIL LE HAUDOUIN Hauts-de-France France
France;Midi Pyrénées;SAINT JORY;31790;ZONE LOGISTIQUE TOULOUSE EURONORD;ZONE LOGISTIQUE TOULOUSE EURONORD 31790 SAINT JORY Midi Pyrénées France
France;Grand-Est;BUCHERES;10800; ZONE DU PARC LOGISTIQUE DE L'AUBE; ZONE DU PARC LOGISTIQUE DE L'AUBE 10800 BUCHERES Grand-Est France
France;Ile-de-France;PARIS;75017;155 TER RUE CARDINET;155 TER RUE CARDINET 75017 PARIS Ile-de-France France
France;Ile-de-France;PARIS;75011;11/13 BD JULES FERRY;11/13 BD JULES FERRY 75011 PARIS Ile-de-France France
France;Ile-de-France;VERSAILLES;78000;24-26 RUE DU MARECHAL FOCH;24-26 RUE DU MARECHAL FOCH 78000 VERSAILLES Ile-de-France France
France;Hauts-de-France;NOGENT-SUR-OISE;60180;110 AVENUE DE L'EUROPE;110 AVENUE DE L'EUROPE 60180 NOGENT-SUR-OISE Hauts-de-France France
France;Ile-de-France;SAINT DENIS;93210;10-12 RUE CAMILLE MOKE;10-12 RUE CAMILLE MOKE 93210 SAINT DENIS Ile-de-France France
Germany;;DUSSELDORF;40221;Speditionstrasse 19;Speditionstrasse 19 40221 DUSSELDORF  Germany
Belgium;;BRUSSELS;1050;15 - 19 rue du Parnasse;15 - 19 rue du Parnasse 1050 BRUSSELS  Belgium
France;Auvergne-Rhône-Alpes;SAINT QUENTIN FALLAVIER;38000;ZAC DE CHESNES NORD ET DE CHESNE OUEST;ZAC DE CHESNES NORD ET DE CHESNE OUEST 38000 SAINT QUENTIN FALLAVIER Auvergne-Rhône-Alpes France
France;Hauts-de-France;NANTEUIL LE HAUDOUIN;60440;; 60440 NANTEUIL LE HAUDOUIN Hauts-de-France France
France;Midi Pyrénées;SAINT JORY;31790;ZONE LOGISTIQUE TOULOUSE EURONORD;ZONE LOGISTIQUE TOULOUSE EURONORD 31790 SAINT JORY Midi Pyrénées France
France;Grand-Est;BUCHERES;10800; ZONE DU PARC LOGISTIQUE DE L'AUBE; ZONE DU PARC LOGISTIQUE DE L'AUBE 10800 BUCHERES Grand-Est France
France;Ile-de-France;PARIS;75017;3 RUE LEON JOST/98-100 RUE DE COURCELLES;3 RUE LEON JOST/98-100 RUE DE COURCELLES 75017 PARIS Ile-de-France France
France;Auvergne-Rhône-Alpes;SAINT QUENTIN FALLAVIER;38000;ZAC DE CHESNES NORD ET DE CHESNE OUEST;ZAC DE CHESNES NORD ET DE CHESNE OUEST 38000 SAINT QUENTIN FALLAVIER Auvergne-Rhône-Alpes France
France;Hauts-de-France;NANTEUIL LE HAUDOUIN;60440;; 60440 NANTEUIL LE HAUDOUIN Hauts-de-France France
France;Midi Pyrénées;SAINT JORY;31790;ZONE LOGISTIQUE TOULOUSE EURONORD;ZONE LOGISTIQUE TOULOUSE EURONORD 31790 SAINT JORY Midi Pyrénées France
France;Grand-Est;BUCHERES;10800; ZONE DU PARC LOGISTIQUE DE L'AUBE; ZONE DU PARC LOGISTIQUE DE L'AUBE 10800 BUCHERES Grand-Est France
